timestamp,bridge_id,bridge_name,speed
2026-10-05 18:21:14,KYI_DARN,Дарницький міст (Київ),40.0
2026-10-05 18:21:14,KYI_SOUTH,Південний міст (Київ),20.3
2026-10-05 18:21:14,KYI_NORTH,Північний міст (Київ),33.2
2026-10-05 18:21:14,KYI_HPP,Київська ГЕС (Вишгород),37.9
2026-10-05 18:21:14,KANIV_HPP,Канівська ГЕС (Канів),14.7
2026-10-05 18:21:14,CHK,Черкаський міст (Черкаси),45.8
2026-10-05 18:21:14,KREM,Кременчуцький міст (Кременчук),29.0
2026-10-05 18:21:14,KAM_HPP,Середньодніпровська ГЕС (Кам'янське),15.0
2026-10-05 18:21:14,DNI_AMUR,Амурський міст (Дніпро),40.0
2026-10-05 18:21:14,DNI_CENTR,Центральний міст (Дніпро),39.3
2026-10-05 18:21:14,DNI_SOUTH,Південний міст (Дніпро),25.3
2026-10-05 18:21:14,ZP_PREOBR,Мости Преображенського (Запоріжжя),26.0
2026-10-05 18:21:14,ZP_NEW,Нові мостові переходи (Запоріжжя),43.0
2026-10-05 18:36:51,KYI_DARN,Дарницький міст (Київ),40.0
2026-10-05 18:36:51,KYI_SOUTH,Південний міст (Київ),20.3
2026-10-05 18:36:51,KYI_NORTH,Північний міст (Київ),33.2
2026-10-05 18:36:51,KYI_HPP,Київська ГЕС (Вишгород),37.9
2026-10-05 18:36:51,KANIV_HPP,Канівська ГЕС (Канів),14.7
2026-10-05 18:36:51,CHK,Черкаський міст (Черкаси),45.8
2026-10-05 18:36:51,KREM,Кременчуцький міст (Кременчук),29.0
2026-10-05 18:36:51,KAM_HPP,Середньодніпровська ГЕС (Кам'янське),15.0
2026-10-05 18:36:51,DNI_AMUR,Амурський міст (Дніпро),40.0
2026-10-05 18:36:51,DNI_CENTR,Центральний міст (Дніпро),39.3
2026-10-05 18:36:51,DNI_SOUTH,Південний міст (Дніпро),25.3
2026-10-05 18:36:51,ZP_PREOBR,Мости Преображенського (Запоріжжя),26.0
2026-10-05 18:36:51,ZP_NEW,Нові мостові переходи (Запоріжжя),43.0
2026-10-05 18:40:30,KYI_DARN,Дарницький міст (Київ),40.0
2026-10-05 18:40:30,KYI_SOUTH,Південний міст (Київ),20.3
2026-10-05 18:40:30,KYI_NORTH,Північний міст (Київ),33.2
2026-10-05 18:40:30,KYI_HPP,Київська ГЕС (Вишгород),37.9
2026-10-05 18:40:30,KANIV_HPP,Канівська ГЕС (Канів),14.7
2026-10-05 18:40:30,CHK,Черкаський міст (Черкаси),45.8
2026-10-05 18:40:30,KREM,Кременчуцький міст (Кременчук),29.0
2026-10-05 18:40:30,KAM_HPP,Середньодніпровська ГЕС (Кам'янське),15.0
2026-10-05 18:40:30,DNI_AMUR,Амурський міст (Дніпро),40.0
2026-10-05 18:40:30,DNI_CENTR,Центральний міст (Дніпро),39.3
2026-10-05 18:40:30,DNI_SOUTH,Південний міст (Дніпро),25.3
2026-10-05 18:40:30,ZP_PREOBR,Мости Преображенського (Запоріжжя),26.0
2026-10-05 18:40:30,ZP_NEW,Нові мостові переходи (Запоріжжя),43.0
2026-10-05 18:41:13,KYI_DARN,Дарницький міст (Київ),40.0
2026-10-05 18:41:13,KYI_SOUTH,Південний міст (Київ),20.3
2026-10-05 18:41:13,KYI_NORTH,Північний міст (Київ),33.2
2026-10-05 18:41:13,KYI_HPP,Київська ГЕС (Вишгород),37.9
2026-10-05 18:41:13,KANIV_HPP,Канівська ГЕС (Канів),14.7
2026-10-05 18:41:13,CHK,Черкаський міст (Черкаси),45.8
2026-10-05 18:41:13,KREM,Кременчуцький міст (Кременчук),29.0
2026-10-05 18:41:13,KAM_HPP,Середньодніпровська ГЕС (Кам'янське),15.0
2026-10-05 18:41:13,DNI_AMUR,Амурський міст (Дніпро),40.0
2026-10-05 18:41:13,DNI_CENTR,Центральний міст (Дніпро),39.3
2026-10-05 18:41:13,DNI_SOUTH,Південний міст (Дніпро),25.3
2026-10-05 18:41:13,ZP_PREOBR,Мости Преображенського (Запоріжжя),26.0
2026-10-05 18:41:13,ZP_NEW,Нові мостові переходи (Запоріжжя),43.0
2026-10-05 18:42:26,KYI_DARN,Дарницький міст (Київ),40.0
2026-10-05 18:42:26,KYI_SOUTH,Південний міст (Київ),20.3
2026-10-05 18:42:26,KYI_NORTH,Північний міст (Київ),33.2
2026-10-05 18:42:26,KYI_HPP,Київська ГЕС (Вишгород),37.9
2026-10-05 18:42:26,KANIV_HPP,Канівська ГЕС (Канів),14.7
2026-10-05 18:42:26,CHK,Черкаський міст (Черкаси),45.8
2026-10-05 18:42:26,KREM,Кременчуцький міст (Кременчук),29.0
2026-10-05 18:42:26,KAM_HPP,Середньодніпровська ГЕС (Кам'янське),15.0
2026-10-05 18:42:26,DNI_AMUR,Амурський міст (Дніпро),40.0
2026-10-05 18:42:26,DNI_CENTR,Центральний міст (Дніпро),39.3
2026-10-05 18:42:26,DNI_SOUTH,Південний міст (Дніпро),25.3
2026-10-05 18:42:26,ZP_PREOBR,Мости Преображенського (Запоріжжя),26.0
2026-10-05 18:42:26,ZP_NEW,Нові мостові переходи (Запоріжжя),43.0
2026-10-05 18:56:52,KYI_DARN,Дарницький міст (Київ),40.0
2026-10-05 18:56:52,KYI_SOUTH,Південний міст (Київ),20.3
2026-10-05 18:56:52,KYI_NORTH,Північний міст (Київ),33.2
2026-10-05 18:56:52,KYI_HPP,Київська ГЕС (Вишгород),37.9
2026-10-05 18:56:52,KANIV_HPP,Канівська ГЕС (Канів),14.7
2026-10-05 18:56:52,CHK,Черкаський міст (Черкаси),45.8
2026-10-05 18:56:52,KREM,Кременчуцький міст (Кременчук),29.0
2026-10-05 18:56:52,KAM_HPP,Середньодніпровська ГЕС (Кам'янське),15.0
2026-10-05 18:56:52,DNI_AMUR,Амурський міст (Дніпро),40.0
2026-10-05 18:56:52,DNI_CENTR,Центральний міст (Дніпро),39.3
2026-10-05 18:56:52,DNI_SOUTH,Південний міст (Дніпро),25.3
2026-10-05 18:56:52,ZP_PREOBR,Мости Преображенського (Запоріжжя),26.0
2026-10-05 18:56:52,ZP_NEW,Нові мостові переходи (Запоріжжя),43.0
