timestamp,id,name,region,state,speed,source_name,source_url
2026-10-08 15:55:31,KYI_SOUTH,Південний міст,Київ,🟡 Повільний рух (Live),31 км/год,Патрульна поліція Києва,https://t.me/patrolpolice_kyiv
2026-10-08 15:55:31,KYI_DARN,Дарницький міст,Київ,🟡 Повільний рух (Live),26 км/год,КМДА,https://t.me/kyivcityofficial
2026-10-08 15:55:31,KYI_PATON,Міст Патона,Київ,🟢 Вільно (Live),39 км/год,Патрульна поліція Києва,https://t.me/patrolpolice_kyiv
2026-10-08 15:55:31,KYI_METRO,Міст Метро,Київ,🟡 Повільний рух (Live),26 км/год,КМДА,https://t.me/kyivcityofficial
2026-10-08 15:55:31,KYI_NORTH,Північний міст,Київ,🟡 Повільний рух (Live),24 км/год,Патрульна поліція Києва,https://t.me/patrolpolice_kyiv
2026-10-08 15:55:31,KYI_GAVAN,Гаванський міст,Київ,🟡 Повільний рух (Live),31 км/год,КМДА,https://t.me/kyivcityofficial
2026-10-08 15:55:31,KYI_HPP,Київська ГЕС,Вишгород,🟢 Вільно (Live),41 км/год,Вишгородська міськрада,https://t.me/vyshgorod_rada
2026-10-08 15:55:31,KANIV_HPP,Канівська ГЕС,Черкаська обл.,🟢 Вільно (Live),36 км/год,Черкаська ОВА,https://t.me/cherkaskaODA
2026-10-08 15:55:31,CHK,Черкаський міст,Черкаси,🟡 Повільний рух (Live),23 км/год,Патрульна поліція Черкащини,https://t.me/patrolpolice_cherkasy
2026-10-08 15:55:31,KREM,Кременчуцький міст / ГЕС,Кременчук,🟡 Повільний рух (Live),25 км/год,Полтавська ОВА,https://t.me/poltavaoda
2026-10-08 15:55:31,KAM_HPP,Камʼянська ГЕС,Дніпропетровська обл.,🟢 Вільно (Live),38 км/год,Дніпропетровська ОВА,https://t.me/adm_dp
2026-10-08 15:55:31,DNI_AMUR,Амурський міст,Дніпро,🟡 Повільний рух (Live),30 км/год,Патрульна поліція Дніпра,https://t.me/patrolpolice_dp
2026-10-08 15:55:31,DNI_CENTR,Центральний міст,Дніпро,🟡 Повільний рух (Live),23 км/год,Дніпровська міськрада,https://t.me/borys_filatov
2026-10-08 15:55:31,DNI_SOUTH,Південний міст (Дніпро),Дніпро,🟢 Вільно (Live),36 км/год,Патрульна поліція Дніпра,https://t.me/patrolpolice_dp
2026-10-08 15:55:31,ZP_PREOBR,Мости Преображенського,Запоріжжя,🟢 Вільно (Live),38 км/год,Запорізька ОВА,https://t.me/zoda_gov_ua
2026-10-08 15:55:31,ZP_NEW,Нові мости (Запоріжжя),Запоріжжя,🟡 Повільний рух (Live),23 км/год,Запорізька ОВА,https://t.me/zoda_gov_ua
2026-10-08 16:26:50,KYI_SOUTH,Південний міст,Київ,🟡 Повільний рух (Live),34 км/год,Google Maps API,https://t.me/patrolpolice_kyiv
2026-10-08 16:26:50,KYI_DARN,Дарницький міст,Київ,🟡 Повільний рух (Live),26 км/год,Google Maps API,https://t.me/kyivcityofficial
2026-10-08 16:26:50,KYI_PATON,Міст Патона,Київ,🟢 Вільно (Live),35 км/год,Google Maps API,https://t.me/patrolpolice_kyiv
2026-10-08 16:26:50,KYI_METRO,Міст Метро,Київ,🟡 Повільний рух (Live),23 км/год,Google Maps API,https://t.me/kyivcityofficial
2026-10-08 16:26:50,KYI_NORTH,Північний міст,Київ,🟡 Повільний рух (Live),20 км/год,Google Maps API,https://t.me/patrolpolice_kyiv
2026-10-08 16:26:50,KYI_GAVAN,Гаванський міст,Київ,🟡 Повільний рух (Live),24 км/год,Google Maps API,https://t.me/kyivcityofficial
2026-10-08 16:26:50,KYI_HPP,Київська ГЕС,Вишгород,🟢 Вільно (Live),42 км/год,Google Maps API,https://t.me/vyshgorod_rada
2026-10-08 16:26:50,KANIV_HPP,Канівська ГЕС,Черкаська обл.,🟢 Вільно (Live),36 км/год,Google Maps API,https://t.me/cherkaskaODA
2026-10-08 16:26:50,CHK,Черкаський міст,Черкаси,🟡 Повільний рух (Live),23 км/год,Google Maps API,https://t.me/patrolpolice_cherkasy
2026-10-08 16:26:50,KREM,Кременчуцький міст / ГЕС,Кременчук,🟡 Повільний рух (Live),25 км/год,Google Maps API,https://t.me/poltavaoda
2026-10-08 16:26:50,KAM_HPP,Камʼянська ГЕС,Дніпропетровська обл.,🟢 Вільно (Live),37 км/год,Google Maps API,https://t.me/adm_dp
2026-10-08 16:26:50,DNI_AMUR,Амурський міст,Дніпро,🟡 Повільний рух (Live),31 км/год,Google Maps API,https://t.me/patrolpolice_dp
2026-10-08 16:26:50,DNI_CENTR,Центральний міст,Дніпро,🟡 Повільний рух (Live),23 км/год,Google Maps API,https://t.me/borys_filatov
2026-10-08 16:26:50,DNI_SOUTH,Південний міст (Дніпро),Дніпро,🟢 Вільно (Live),36 км/год,Google Maps API,https://t.me/patrolpolice_dp
2026-10-08 16:26:50,ZP_PREOBR,Мости Преображенського,Запоріжжя,🟢 Вільно (Live),36 км/год,Google Maps API,https://t.me/zoda_gov_ua
2026-10-08 16:26:50,ZP_NEW,Нові мости (Запоріжжя),Запоріжжя,🟡 Повільний рух (Live),23 км/год,Google Maps API,https://t.me/zoda_gov_ua
